dependent,variable,coefficient,se,pval,lower_bound,upper_bound,keep
clearance,Acceleration_y,-0.005839154880431943,0.003195583162893306,0.06776665872333476,-0.012102497879702823,0.00042418811883893764,0
clearance,Acceleration_y_other,0.003801443322917529,0.009885485442261132,0.7006013583320208,-0.015574108143914288,0.023176994789749345,0
clearance,Acceleration_y_own,0.02744653350490156,0.010952247487020682,0.012265848494582121,0.0059801284303410245,0.04891293857946209,1
clearance,Aggression,0.0020831085760155714,0.0024870329009314073,0.4023332155833639,-0.0027914759098099868,0.0069576930618411295,0
clearance,Aggression_other,-0.01392881198518718,0.005932020472636388,0.018939625801314586,-0.0255555721115545,-0.0023020518588198584,1
clearance,Aggression_own,-0.0012772449776985528,0.006733195877515349,0.8495627987505197,-0.014474308897628638,0.011919818942231533,0
clearance,Agility,0.007771955048759679,0.0019469882929651022,6.725139983188022e-05,0.003955857994548079,0.011588052102971279,1
clearance,Agility_other,-0.013766665779360365,0.008345653506696653,0.09914414004021621,-0.030124146652485806,0.0025908150937650753,0
clearance,Agility_own,-0.021399686053086234,0.010294807199167129,0.03773632886811762,-0.041577508163453805,-0.0012218639427186637,1
clearance,Balance,-0.002395256603495818,0.002178339529859785,0.2716094487362146,-0.006664802082020997,0.0018742888750293602,0
clearance,Balance_other,0.0023693246359687697,0.0065968575687196385,0.7195026064460661,-0.010560516198721722,0.015299165470659262,0
clearance,Balance_own,-0.006665142549007176,0.007548825744600103,0.3773452397513912,-0.021460841008423378,0.008130555910409027,0
clearance,Ball control,-0.012228904572791355,0.0034137874609382847,0.0003464632694170078,-0.018919927996230393,-0.005537881149352317,1
clearance,Ball control_other,0.015050176024261373,0.012690520563511144,0.23574656387794346,-0.00982324428022047,0.03992359632874322,0
clearance,Ball control_own,-0.015990930996092802,0.014848887888532615,0.28161216883824536,-0.04509475125761673,0.013112889265431124,0
clearance,Composure,-0.0024120372112159654,0.0015878631329473082,0.12886304617740585,-0.00552424895179269,0.0007001745293607588,0
clearance,Composure_other,-0.010389364996922619,0.007039391426039541,0.14008520119965295,-0.024186572191960118,0.0034078421981148816,0
clearance,Composure_own,-0.002846345948694584,0.008941626871766709,0.7502617844802946,-0.020371934617357333,0.014679242719968164,0
clearance,Crossing,-0.003911454382375703,0.005178151065746776,0.4500861292379157,-0.014060630471239382,0.0062377217064879765,0
clearance,Crossing_other,0.003280034455318271,0.006648276804660099,0.6217923566369565,-0.00975058808181552,0.016310656992452065,0
clearance,Crossing_own,0.022708728946129395,0.007180557967575401,0.0015806721611946184,0.008634835329681609,0.03678262256257718,1
clearance,Curve,0.012471497292167575,0.00541724762987178,0.021397378713369664,0.0018536919376188864,0.023089302646716263,1
clearance,Curve_other,0.005237428428035002,0.006670981144669399,0.43245730013540973,-0.00783769461551702,0.018312551471587023,0
clearance,Curve_own,-0.028434618852799354,0.007351990528071286,0.00011239357934900163,-0.04284452028781907,-0.014024717417779635,1
clearance,Dribbling,0.011253072333207877,0.005317804395176215,0.03442267709510283,0.0008301757186624948,0.02167596894775326,1
clearance,Dribbling_other,-0.015380669459136917,0.009728895624391404,0.1140070167917222,-0.03444930488294407,0.0036879659646702357,0
clearance,Dribbling_own,-0.0009719367275347654,0.010920059149265363,0.9290844872213577,-0.022375252660094876,0.020431379205025347,0
clearance,Finishing,-0.013721910476258379,0.006274558798685883,0.028830835303049085,-0.02602004572168271,-0.0014237752308340484,1
clearance,Finishing_other,-0.005653696910955917,0.007421015732505815,0.44621358248338217,-0.020198887746667313,0.00889149392475548,0
clearance,Finishing_own,-0.004596364724223123,0.008013163710938005,0.5662830843480853,-0.02030216559766161,0.011109436149215368,0
clearance,Free kick accuracy,0.02104912193362694,0.006666828836239112,0.0016092442614321634,0.00798213741459828,0.0341161064526556,1
clearance,Free kick accuracy_other,0.001876998868459604,0.0057750399698030044,0.7451906590583417,-0.009442079472354285,0.013196077209273493,0
clearance,Free kick accuracy_own,-0.028642968899366582,0.006132395886309153,3.1414037180432786e-06,-0.04066246483653252,-0.016623472962200642,1
clearance,Heading accuracy,-0.0082517703063545,0.004253067220212261,0.0524558678456557,-0.01658778205797053,8.42414452615313e-05,0
clearance,Heading accuracy_other,0.00027396558468287735,0.006047541212487779,0.9638698187777011,-0.011579215191793168,0.012127146361158924,0
clearance,Heading accuracy_own,-0.04020578743759985,0.0068397418947366145,4.632934480497397e-09,-0.05361168155128362,-0.026799893323916087,1
clearance,Intercept,3.1994740449493655,,,,,1
clearance,Interceptions,0.002204974220749797,0.004494638896062547,0.623762619080785,-0.006604518015532794,0.011014466457032388,0
clearance,Interceptions_other,0.0022052575039811775,0.008771228268323147,0.8015081468830152,-0.014986349901932192,0.01939686490989455,0
clearance,Interceptions_own,-0.0021861974720567444,0.009623391571267055,0.8203038575172479,-0.02104804495174017,0.01667565000762668,0
clearance,Jumping,-0.004966311280604859,0.0019294992017914476,0.010106973652541651,-0.008748129716116096,-0.001184492845093622,1
clearance,Jumping_other,0.00158748142272878,0.0052919833168364626,0.7642156432264682,-0.008784805878270685,0.011959768723728247,0
clearance,Jumping_own,0.003428958494693303,0.005985481839794025,0.5667721279456235,-0.008302585911302986,0.015160502900689592,0
clearance,Long passing,0.012478216559844213,0.003274654554147046,0.00014162451594690317,0.006059893633716003,0.018896539485972422,1
clearance,Long passing_other,-0.01850373474625971,0.009522661609475295,0.05210031676595417,-0.03716815150083129,0.00016068200831186735,0
clearance,Long passing_own,0.009049970697530753,0.01124586601860315,0.42103900757563295,-0.01299192669893142,0.031091868093992926,0
clearance,Long shots,-0.022802450933109383,0.006860309071310897,0.0008992763883239885,-0.03624865671287874,-0.009356245153340026,1
clearance,Long shots_other,0.002196016793561027,0.007707440363685475,0.7757250817251382,-0.012910566319262504,0.01730259990638456,0
clearance,Long shots_own,0.015803471434820086,0.008503186863779945,0.06319721788075983,-0.0008627748181886039,0.032469717687828775,0
clearance,Marking,0.011442995656181648,0.005960507560996986,0.05498370227400162,-0.0002395991633724441,0.02312559047573574,0
clearance,Marking_other,-0.010796467865609996,0.009408433155547161,0.2512596425525033,-0.02923699685048243,0.007644061119262439,0
clearance,Marking_own,-0.014359793520907778,0.010341682426773111,0.16508373422548228,-0.03462949107738307,0.005909904035567518,0
clearance,Penalties,-0.010610923818021112,0.0029610649196015115,0.00034478728371523104,-0.016414611060440076,-0.00480723657560215,1
clearance,Penalties_other,-0.0017493498317820285,0.006486158271202085,0.7874068927617552,-0.014462220043338116,0.010963520379774057,0
clearance,Penalties_own,0.030404874681386085,0.007918711537403736,0.00012593357016044138,0.014884200068074761,0.04592554929469741,1
clearance,Positioning,0.004358196978755165,0.006691341158627772,0.5148937385221641,-0.008756831692155269,0.0174732256496656,0
clearance,Positioning_other,-0.00045274327231546393,0.00787828395850162,0.9541770707609729,-0.015894179830978638,0.01498869328634771,0
clearance,Positioning_own,-0.0328022462324796,0.008545408688690108,0.0001264666286282523,-0.049551247262312206,-0.016053245202646987,1
clearance,Reactions,-0.022539209512711343,0.0026328856071171154,0.0,-0.027699665302660888,-0.0173787537227618,1
clearance,Reactions_other,0.00872350259630692,0.007240456527475773,0.22837095981351063,-0.005467792197545595,0.022914797390159433,0
clearance,Reactions_own,0.05600831587760996,0.009057176883133356,7.160725346011532e-10,0.03825624918666858,0.07376038256855133,1
clearance,Short passing,0.004968168666342207,0.0032239119676315273,0.12341994030188386,-0.0013506987902155857,0.0112870361229,0
clearance,Short passing_other,0.010799039974321143,0.011381059822367486,0.3427728180044145,-0.011507837277519127,0.033105917226161415,0
clearance,Short passing_own,-0.03170228480010393,0.014188673668567775,0.02553897866017918,-0.05951208519049677,-0.003892484409711093,1
clearance,Shot power,-0.004197876192580374,0.0025658761769405927,0.10194283782254088,-0.009226993499383936,0.0008312411142231873,0
clearance,Shot power_other,0.009169813773682768,0.007298857949135467,0.20909848592937696,-0.005135947806622748,0.02347557535398828,0
clearance,Shot power_own,0.023936232183549063,0.00815382894107352,0.0033561526086818283,0.007954727459044963,0.03991773690805316,1
clearance,Sliding tackle,-0.0038130528398137966,0.00720295215618207,0.5965879791627993,-0.017930839065930654,0.010304733386303062,0
clearance,Sliding tackle_other,-0.01844245129316631,0.011088453630186308,0.09638112636035556,-0.04017582040833147,0.0032909178219988518,0
clearance,Sliding tackle_own,0.0021423105477087106,0.01229152998726528,0.8616488080964997,-0.02194908822733124,0.02623370932274866,0
clearance,Sprint speed,0.0036202933500177,0.0032308292365042035,0.262576538318986,-0.002712131953530539,0.009952718653565939,0
clearance,Sprint speed_other,-0.004806119407705027,0.008260834241389604,0.560750693235025,-0.02099735452082865,0.011385115705418596,0
clearance,Sprint speed_own,0.00030653660070305234,0.009418237754222214,0.974038036416329,-0.018153209397572485,0.01876628259897859,0
clearance,Stamina,-0.0040275344761388256,0.003135272891847096,0.19904178226484248,-0.010172669344159134,0.002117600391881482,0
clearance,Stamina_other,0.00941326160966309,0.006234788408929434,0.131207434384637,-0.0028069236718386015,0.02163344689116478,0
clearance,Stamina_own,0.009325628624202562,0.007020231813405594,0.18415575362237946,-0.004434025730072401,0.023085282978477527,0
clearance,Standing tackle,-0.003509038803000632,0.00674855337986061,0.6031259839134986,-0.016736203427527428,0.009718125821526164,0
clearance,Standing tackle_other,0.02659568103582497,0.011068710741394726,0.01633521431298779,0.004901007982691309,0.04829035408895863,1
clearance,Standing tackle_own,0.010607356589913651,0.013316522956829172,0.42577600270720595,-0.015493028405471527,0.036707741585298825,0
clearance,Strength,-0.0016893077388546365,0.0018116770941635106,0.35118117870690746,-0.005240194843415117,0.001861579365705844,0
clearance,Strength_other,-0.0029842054280064404,0.006368899507372743,0.6394210904785456,-0.015467248462457017,0.009498837606444134,0
clearance,Strength_own,-0.019814270187054568,0.0071937848829931724,0.005918459109311991,-0.033914088557721184,-0.005714451816387951,1
clearance,Vision,-0.0030407976250916764,0.0016758357280285971,0.06970760998198333,-0.006325435652027727,0.00024384040184437412,0
clearance,Vision_other,0.010108601041991213,0.006597369090427637,0.12558110525701416,-0.002822242375246956,0.023039444459229383,0
clearance,Vision_own,0.013330801297269334,0.00818470623905705,0.1034786994361967,-0.0027112229312824844,0.029372825525821152,0
clearance,Volleys,-0.005768055491954907,0.005673338095473902,0.3093857084107188,-0.016887798159083756,0.005351687175173942,0
clearance,Volleys_other,-0.0025764002907150206,0.00681372278067297,0.7053704190871204,-0.01593129694083404,0.010778496359404,0
clearance,Volleys_own,0.011751767019222372,0.007525831055162697,0.11851237550810834,-0.002998861848896514,0.026502395887341258,0
pass_good,Acceleration_y,0.06181136754950116,0.04087103751920428,0.13055660380523282,-0.01829586598813923,0.14191860108714155,0
pass_good,Acceleration_y_other,0.1391806891207279,0.12643390136039925,0.27106994995252665,-0.10862975754565463,0.3869911357871104,0
pass_good,Acceleration_y_own,0.09713503099341644,0.14007763063701498,0.4880923933654069,-0.17741712505513288,0.3716871870419658,0
pass_good,Aggression,0.04815545333530752,0.03180878413235569,0.13016223104716995,-0.014189763564109628,0.11050067023472467,0
pass_good,Aggression_other,0.08452756097352945,0.07586966726983776,0.2653246834924339,-0.06417698687535256,0.23323210882241147,0
pass_good,Aggression_own,-0.06740795451385279,0.08611658257859924,0.4338383220476585,-0.2361964563679073,0.10138054734020172,0
pass_good,Agility,-0.02774055460639438,0.024901693216827614,0.2653729802337472,-0.0765478733113765,0.021066764098587744,0
pass_good,Agility_other,-0.014351953045759286,0.10673967792646874,0.893050393755884,-0.22356172178163802,0.19485781569011945,0
pass_good,Agility_own,-0.08789182033047947,0.13166906628371902,0.504494265335981,-0.34596319024656874,0.17017954958560977,0
pass_good,Balance,-0.010340015520617592,0.02786064142791896,0.7105660385342536,-0.06494687271933874,0.04426684167810357,0
pass_good,Balance_other,-0.08678246511881971,0.08437283570985893,0.30377505281359385,-0.2521532231101432,0.0785882928725038,0
pass_good,Balance_own,-0.0019104228608108446,0.09654836832790886,0.9842145209965407,-0.1911452247835122,0.18732437906189053,0
pass_good,Ball control,0.008551750279934288,0.0436618383206997,0.8447313061594888,-0.07702545282863713,0.09412895338850569,0
pass_good,Ball control_other,-0.1778022321262709,0.16230988700662843,0.27341347951867956,-0.4959296106592626,0.14032514640672084,0
pass_good,Ball control_own,-0.3837961587326024,0.1899150868792265,0.04338624444124184,-0.7560297290158864,-0.011562588449318456,1
pass_good,Composure,-0.04319862489921418,0.02030853536707585,0.033496982917975426,-0.08300335421868285,-0.0033938955797455095,1
pass_good,Composure_other,0.1229264624692849,0.09003277850091546,0.17225128446491533,-0.05353778339250939,0.29939070833107917,0
pass_good,Composure_own,0.3108366558422743,0.11436208939961356,0.006607884664728392,0.08668696061903175,0.5349863510655168,1
pass_good,Crossing,-0.13607183841189152,0.06622778870089793,0.04000931675598007,-0.26587830426565146,-0.006265372558131588,1
pass_good,Crossing_other,0.11154414866313134,0.0850304801566482,0.18968981952321595,-0.05511559244389913,0.2782038897701618,0
pass_good,Crossing_own,0.10453279873524382,0.09183827775456141,0.2551224703903272,-0.07547022566369654,0.2845358231341842,0
pass_good,Curve,0.058629879941910684,0.06928579850534851,0.39751109578201094,-0.07717028512857238,0.19443004501239375,0
pass_good,Curve_other,-0.018031504231542317,0.0853208653179999,0.8326391456989499,-0.18526040025482213,0.1491973917917375,0
pass_good,Curve_own,-0.011223597206803965,0.09403087492849853,0.9049980487191465,-0.19552411206666107,0.17307691765305314,0
pass_good,Dribbling,-0.07651561929601455,0.06801393419480015,0.26068516350830695,-0.20982293031782284,0.056791691725793736,0
pass_good,Dribbling_other,0.02414009179152847,0.124431140676341,0.8461870251205417,-0.21974494393409988,0.26802512751715685,0
pass_good,Dribbling_own,-0.07453178430179982,0.13966594654274628,0.5936304782834068,-0.34827703952558253,0.19921347092198285,0
pass_good,Finishing,-0.1121495481708953,0.08025068195858023,0.16237615660994575,-0.26944088480971257,0.04514178846792195,0
pass_good,Finishing_other,-0.003583699481071744,0.09491369711662759,0.9698837410404342,-0.1896145458296618,0.18244714686751834,0
pass_good,Finishing_own,-0.13071265121850445,0.10248718245866181,0.20227106965454356,-0.3315875288374816,0.0701622264004727,0
pass_good,Free kick accuracy,0.16029395123095433,0.08526775790536346,0.06022620500166087,-0.006830854263558062,0.3274187567254667,0
pass_good,Free kick accuracy_other,-0.09890891319481213,0.07386190978269472,0.18064418909747237,-0.24367825636889376,0.04586042997926951,0
pass_good,Free kick accuracy_own,-0.0188480663226296,0.07843243926877723,0.8101077444027529,-0.17257564728943298,0.13487951464417375,0
pass_good,Heading accuracy,0.11712223497459227,0.05439610270433683,0.03139253222254523,0.0105058736740921,0.22373859627509246,1
pass_good,Heading accuracy_other,0.06886959441055768,0.07734716050097548,0.37332932629299886,-0.08273084017135426,0.22047002899246962,0
pass_good,Heading accuracy_own,-0.24954906466944135,0.08747929043046704,0.0043670286273787,-0.42100847391315677,-0.07808965542572596,1
pass_good,Intercept,52.45434722321407,,,,,1
pass_good,Interceptions,0.025665277069565014,0.05748576882284094,0.6552970226553927,-0.08700682982320324,0.13833738396233325,0
pass_good,Interceptions_other,-0.09573857667559665,0.11218271638393605,0.3935009044003319,-0.3156167007881113,0.12413954743691799,0
pass_good,Interceptions_own,0.031046558421556836,0.12308175939165292,0.8008713420963773,-0.21019368998608287,0.27228680682919654,0
pass_good,Jumping,0.04391870397341826,0.024678010319184547,0.07523775634337149,-0.004450196252183451,0.09228760419901996,0
pass_good,Jumping_other,-0.11833920901731666,0.06768368640971245,0.08050094794979379,-0.25099923438035304,0.01432081634571973,0
pass_good,Jumping_own,0.11525554783852604,0.07655343027381764,0.13229298566455272,-0.03478917549815652,0.2653002711752086,0
pass_good,Long passing,-0.09690488779660024,0.04188234895561256,0.020753551544545168,-0.17899429174960085,-0.014815483843599625,1
pass_good,Long passing_other,0.24502151931507332,0.12179343803125015,0.04433818876443518,0.006306380773823034,0.4837366578563236,1
pass_good,Long passing_own,-0.10555091255735294,0.14383296836691384,0.46310505232808996,-0.38746353055650407,0.1763617054417982,0
pass_good,Long shots,0.2521557105425199,0.08774234158657293,0.004085752725761171,0.08018072103283697,0.4241307000522028,1
pass_good,Long shots_other,0.10577203433519664,0.0985770259209921,0.283368030294179,-0.08743893646994788,0.29898300514034115,0
pass_good,Long shots_own,0.08002329878387847,0.10875450633795901,0.4619039399044267,-0.1331355336385212,0.2931821312062781,0
pass_good,Marking,-0.13856069838387935,0.07623401293003422,0.0692359047200537,-0.28797936372674643,0.01085796695898772,0
pass_good,Marking_other,0.08415833271893208,0.12033247294654538,0.4843712063296701,-0.15169331425629687,0.320009979694161,0
pass_good,Marking_own,-0.31170763346253844,0.13226859353384757,0.01850985414068962,-0.5709540767888797,-0.05246119013619721,1
pass_good,Penalties,-0.06200345211493707,0.0378715837632149,0.1016997770161463,-0.13623175629083828,0.012224852060964138,0
pass_good,Penalties_other,0.10193670396832749,0.08295700801533146,0.21925328976509584,-0.06065903174172216,0.26453243967837714,0
pass_good,Penalties_own,0.07700769158947232,0.10127915308451961,0.4471084729600239,-0.1214994484561861,0.27551483163513074,0
pass_good,Positioning,0.1024558784922056,0.08558126689479105,0.23133844280979554,-0.06528340462158487,0.27019516160599605,0
pass_good,Positioning_other,-0.048619867789024024,0.1007620903107179,0.629473044238364,-0.2461135647980311,0.14887382921998304,0
pass_good,Positioning_own,0.05964617042439242,0.10929451725367272,0.5852892328923183,-0.15457108339280612,0.27386342424159094,0
pass_good,Reactions,0.1158943193670189,0.03367421874097854,0.0005866303316086618,0.04989285063470096,0.18189578809933682,1
pass_good,Reactions_other,-0.15868076410633242,0.09260437150466706,0.08672423633093573,-0.34018533225547987,0.022823804042815032,0
pass_good,Reactions_own,0.04247338058608365,0.11583995700911598,0.713903371905857,-0.18457293515178366,0.26951969632395095,0
pass_good,Short passing,0.0818336746076548,0.041233358755207415,0.04728051996792848,0.0010162914474482615,0.16265105776786132,1
pass_good,Short passing_other,-0.04886120820578641,0.14556207718504,0.7371427117150282,-0.3341628794884648,0.23644046307689195,0
pass_good,Short passing_own,0.45490298165863247,0.18147104434319627,0.01224046505533205,0.09921973474596779,0.8105862285712971,1
pass_good,Shot power,-0.055987984884725846,0.032817178008417526,0.08810756875363457,-0.12030965378122419,0.0083336840117725,0
pass_good,Shot power_other,-0.004138448899477457,0.09335131707740164,0.9646429187020813,-0.18710703037118467,0.17883013257222977,0
pass_good,Shot power_own,0.1328261261578252,0.10428627001340748,0.2028859663545175,-0.07157496306845348,0.33722721538410383,0
pass_good,Sliding tackle,-0.08504877075072728,0.09212469612519965,0.3559862324898251,-0.2656131751561186,0.09551563365466403,0
pass_good,Sliding tackle_other,-0.5089551487857926,0.14181968712683224,0.00033792957701916926,-0.7869217355543838,-0.23098856201720142,1
pass_good,Sliding tackle_own,0.351460606008632,0.15720685636079573,0.025452241800523856,0.043335167541472375,0.6595860444757916,1
pass_good,Sprint speed,-0.09157344584466265,0.04132182960425569,0.026763999463736088,-0.1725642318690038,-0.0105826598203215,1
pass_good,Sprint speed_other,0.09259219635557847,0.10565485202834517,0.3809064023853117,-0.11449131361997805,0.299675706331135,0
pass_good,Sprint speed_own,0.05405939046619471,0.12045787231807853,0.653623026565973,-0.18203803927723922,0.29015682020962863,0
pass_good,Stamina,0.08941765879858798,0.040099678044243504,0.025833559284735852,0.010822289831870724,0.16801302776530525,1
pass_good,Stamina_other,-0.09982065477492481,0.07974202453706095,0.21074848765466836,-0.25611502286756427,0.05647371331771463,0
pass_good,Stamina_own,-0.1266004613451441,0.08978772988008515,0.15865078430195978,-0.302584411910111,0.0493834892198228,0
pass_good,Standing tackle,-0.024187888818776523,0.0863130027693931,0.7793180935429183,-0.193361374246787,0.14498559660923394,0
pass_good,Standing tackle_other,0.385306398441775,0.1415671784899403,0.006534223275559858,0.10783472860149201,0.662778068282058,1
pass_good,Standing tackle_own,-0.11295199893055355,0.1703163653237967,0.5072635187100825,-0.4467720749651951,0.22086807710408798,0
pass_good,Strength,0.06520391730914958,0.023171082933482252,0.004926533227303187,0.019788594759524367,0.1106192398587748,1
pass_good,Strength_other,0.10112919958731041,0.08145728571375783,0.2145244811636633,-0.058527080411654955,0.2607854795862758,0
pass_good,Strength_own,0.04039263926548311,0.09200744805267204,0.6606843965675537,-0.13994195891775407,0.2207272374487203,0
pass_good,Vision,-0.05791197062405908,0.021433691888107776,0.006935474094595495,-0.09992200672475032,-0.01590193452336784,1
pass_good,Vision_other,-0.19318349134282087,0.08437937799708908,0.02212603759360454,-0.3585670722171155,-0.027799910468526257,1
pass_good,Vision_own,0.08646404622780862,0.10468118610228634,0.40888815161490255,-0.1187110785326726,0.29163917098828984,0
pass_good,Volleys,-0.1573747807982759,0.07256115780423117,0.030176883197465587,-0.299594650094569,-0.01515491150198281,1
pass_good,Volleys_other,-0.18861556199615218,0.08714650979766744,0.030521188170183677,-0.35942272119958035,-0.017808402792724,1
pass_good,Volleys_own,0.11541303321415275,0.09625426964017876,0.23061190310927482,-0.07324533528059762,0.3040714017089031,0
pass_long,Acceleration_y,0.00025636640694900363,0.0150996921457721,0.9864551656453684,-0.029339030198764313,0.02985176301266232,0
pass_long,Acceleration_y_other,-0.060260962301122024,0.04671065632806355,0.19712513979887514,-0.1518138487041266,0.031291924101882536,0
pass_long,Acceleration_y_own,-0.18646075496375075,0.051751294498806145,0.0003199846591950273,-0.2878932921814108,-0.0850282177460907,1
pass_long,Aggression,-0.03091358831832907,0.011751667613140704,0.00857056223118291,-0.05394685684008485,-0.00788031979657329,1
pass_long,Aggression_other,-0.020209115010830874,0.028029839429410525,0.47097806326390734,-0.0751476002924755,0.034729370270813756,0
pass_long,Aggression_own,0.15300528102636984,0.031815534043436317,1.5954576990662162e-06,0.09064683430123466,0.21536372775150503,1
pass_long,Agility,-0.024678119775660298,0.00919986191458635,0.0073512806362938665,-0.042709849128249544,-0.006646390423071052,1
pass_long,Agility_other,-0.07096410769506353,0.03943467976978142,0.07204090314500555,-0.14825608004383511,0.0063278646537080485,0
pass_long,Agility_own,0.08771077721661547,0.04864477357765217,0.0714812382461385,-0.007632978995582795,0.18305453342881373,0
pass_long,Balance,-0.032277524529641624,0.010293037174494264,0.0017311626653488954,-0.05245187739165039,-0.012103171667632865,1
pass_long,Balance_other,0.07294767834922958,0.031171311569618252,0.019341871178587766,0.011851907672777807,0.13404344902568135,1
pass_long,Balance_own,-0.024471072487302854,0.03566952853210606,0.4927381313680559,-0.09438334841023072,0.045441203435625015,0
pass_long,Ball control,-0.022166582146670742,0.016130745808722365,0.16949439830404378,-0.05378284393176658,0.009449679638425093,0
pass_long,Ball control_other,0.1463417404417248,0.0599649403287978,0.014729956218905382,0.02881045739728111,0.2638730234861685,1
pass_long,Ball control_own,0.011608659749088479,0.07016360532483257,0.8686006417383476,-0.12591200668758334,0.1491293261857603,0
pass_long,Composure,0.014324053621965423,0.0075029324085614645,0.05634709478223732,-0.00038169389881504735,0.029029801142745892,0
pass_long,Composure_other,-0.1020343202597446,0.033262361831493226,0.002178637646420567,-0.16722854944947133,-0.03684009107001787,1
pass_long,Composure_own,-0.24082451832217114,0.04225075867648415,1.3230444517731144e-08,-0.32363600532808007,-0.1580130313162622,1
pass_long,Crossing,0.11876557468782144,0.02446767397105869,1.2760190668537064e-06,0.07080893370454641,0.16672221567109646,1
pass_long,Crossing_other,-0.01929412011701934,0.03141427649761233,0.5391438512405324,-0.0808661020523395,0.04227786181830083,0
pass_long,Crossing_own,-0.056507609770830566,0.033929398553687186,0.09593475417927677,-0.12300923093605745,0.009994011394396318,0
pass_long,Curve,-0.08022068187417311,0.02559744726355865,0.0017425325099118538,-0.13039167851074807,-0.030049685237598156,1
pass_long,Curve_other,-0.03273621602029594,0.031521558494993746,0.299110497431484,-0.09451847067048368,0.0290460386298918,0
pass_long,Curve_own,0.13583479972595205,0.03473944753545302,9.443201134007317e-05,0.06774548255646413,0.20392411689544,1
pass_long,Dribbling,-0.10759969226543226,0.025127560500066218,1.912914000645749e-05,-0.15684971084556204,-0.05834967368530247,1
pass_long,Dribbling_other,0.022047829399073432,0.04597074191417758,0.6315450053216591,-0.06805482475271463,0.11215048355086149,0
pass_long,Dribbling_own,0.06723856392161738,0.051599198945032974,0.1926493786505179,-0.033895866010647244,0.168372993853882,0
pass_long,Finishing,0.06703019848312487,0.029648393229397527,0.02384526282028121,0.008919347753505717,0.12514104921274402,1
pass_long,Finishing_other,-0.045745545576803,0.03506560375925678,0.19214569578697183,-0.1144741289449463,0.02298303779134029,0
pass_long,Finishing_own,-0.062417294469747274,0.03786360704169108,0.09936620913395311,-0.1366299642714618,0.01179537533196725,0
pass_long,Free kick accuracy,-0.19871246869208653,0.03150193810779186,3.272278004118334e-10,-0.2604562673833586,-0.13696867000081447,1
pass_long,Free kick accuracy_other,-0.006568167835596845,0.02728807896039909,0.8098072090574495,-0.06005280259797906,0.046916466926785375,0
pass_long,Free kick accuracy_own,-0.02277801621233783,0.028976648479844023,0.43188563075864694,-0.07957224723283211,0.03401621480815645,0
pass_long,Heading accuracy,0.016895698887121315,0.020096490195027416,0.4005711636711822,-0.02249342189513242,0.05628481966937505,0
pass_long,Heading accuracy_other,-0.029849702613341557,0.02857569523077503,0.29630502631288724,-0.08585806526566062,0.026158660038977502,0
pass_long,Heading accuracy_own,0.19176015635171736,0.032318982702848505,3.3301537083474386e-09,0.1284149502541343,0.25510536244930043,1
pass_long,Intercept,9.417682443790703,,,,,1
pass_long,Interceptions,-0.012459754828054823,0.02123795882549004,0.557469757308664,-0.0540861541260153,0.029166644469905655,0
pass_long,Interceptions_other,-0.011895233837514873,0.04144559532353342,0.7741269849728418,-0.09312860067164036,0.06933813299661062,0
pass_long,Interceptions_own,-0.1544651859289238,0.045472216718273596,0.000690952577389492,-0.24359073069674003,-0.06533964116110756,1
pass_long,Jumping,0.031064650101261526,0.009117222884659684,0.0006654125909288933,0.013194893247328546,0.04893440695519451,1
pass_long,Jumping_other,-0.013229844655804979,0.025005551366231414,0.5967941758287973,-0.062240725333618546,0.03578103602200859,0
pass_long,Jumping_own,-0.09284151695165149,0.02828245378635985,0.001040896762299015,-0.1482751263729168,-0.037407907530386184,1
pass_long,Long passing,0.01849011598711381,0.015473318368157242,0.2322001645953906,-0.011837588014474387,0.04881781998870201,0
pass_long,Long passing_other,0.05218571877956392,0.0449962499430782,0.24623689749729438,-0.03600693110886935,0.1403783686679972,0
pass_long,Long passing_own,-0.025473465347343547,0.053138693671098323,0.6317076677960829,-0.12962530494269625,0.07867837424800916,0
pass_long,Long shots,0.08398303895720907,0.03241616622734129,0.009625323425672017,0.02044735315162015,0.14751872476279798,1
pass_long,Long shots_other,-0.0789709918836364,0.03641901048764348,0.030211628853839878,-0.15035225243941763,-0.007589731327855176,1
pass_long,Long shots_own,-0.129379535610287,0.04017905257230113,0.0012961358020497915,-0.2081304786519972,-0.0506285925685768,1
pass_long,Marking,-0.07298630669140081,0.028164445929209594,0.00960698877573285,-0.1281886207126516,-0.01778399267015001,1
pass_long,Marking_other,0.010792156075914511,0.044456500419851754,0.8082107965889866,-0.07634258474699493,0.09792689689882395,0
pass_long,Marking_own,0.01778075265766328,0.0488662672675462,0.7159856757559138,-0.07799713118672727,0.11355863650205383,0
pass_long,Penalties,0.11042248238589152,0.013991552223959758,4.218847493575595e-15,0.0829990400269304,0.13784592474485263,1
pass_long,Penalties_other,-0.00971993321545388,0.030648237930766355,0.7511571210686978,-0.06979047955975594,0.05035061312884817,0
pass_long,Penalties_own,-0.11203275672604479,0.0374173039194856,0.002776093263302082,-0.18537067240823657,-0.038694841043853026,1
pass_long,Positioning,0.0025316949574855988,0.03161776313971241,0.936185740375912,-0.05943912079635072,0.06450251071132192,0
pass_long,Positioning_other,0.007937060267953405,0.03722627650304738,0.8311776253770118,-0.06502644167801945,0.08090056221392626,0
pass_long,Positioning_own,0.10522767148624997,0.04037855811650958,0.009208093842090204,0.026085697577891184,0.18436964539460876,1
pass_long,Reactions,0.0050840861700753685,0.012440847287012157,0.6828196715184682,-0.019299974512468458,0.029468146852619195,0
pass_long,Reactions_other,0.12877015513499757,0.03421242977783854,0.00017073555616398117,0.061713792770434026,0.1958265174995611,1
pass_long,Reactions_own,-0.14239880813095157,0.042796752790903426,0.0008880852210462198,-0.2262804436011223,-0.05851717266078085,1
pass_long,Short passing,-0.03862041774242167,0.015233550727633426,0.011291264768617637,-0.06847817716858318,-0.008762658316260157,1
pass_long,Short passing_other,-0.10861912191063867,0.053777508157468824,0.04349990214689181,-0.21402303789927757,-0.003215205921999781,1
pass_long,Short passing_own,0.0609759086842984,0.06704397708686713,0.3631686404907113,-0.07043028640596119,0.19238210377455797,0
pass_long,Shot power,-0.018345997088396362,0.012124215950898482,0.13034863856038226,-0.04210946035215739,0.005417466175364663,0
pass_long,Shot power_other,0.03385155386806514,0.03448838676064431,0.32641328152308535,-0.033745684182797706,0.10144879191892799,0
pass_long,Shot power_own,-0.0018215018672751576,0.03852827497940096,0.9622957951646816,-0.07733692082690104,0.07369391709235072,0
pass_long,Sliding tackle,-0.00010074054081847181,0.034035215031174466,0.9976385612179421,-0.06680976200192043,0.06660828092028348,0
pass_long,Sliding tackle_other,0.02483736459424249,0.0523948924667908,0.635506874390857,-0.07785662464066748,0.12753135382915246,0
pass_long,Sliding tackle_own,-0.03302287025553328,0.058079639723783695,0.5696870903190341,-0.1468589641141493,0.08081322360308277,0
pass_long,Sprint speed,0.00673465939358742,0.015266236038934296,0.6591401656967961,-0.0231871632427238,0.03665648202989864,0
pass_long,Sprint speed_other,0.028173706876875964,0.039033893832166454,0.4704923980122768,-0.048332725034170285,0.10468013878792222,0
pass_long,Sprint speed_own,0.060601450577651816,0.044502828871986894,0.1733875716862201,-0.026624094011442487,0.14782699516674613,0
pass_long,Stamina,0.004476202998944634,0.014814715514088587,0.7625632641697422,-0.024560639408668997,0.033513045406558264,0
pass_long,Stamina_other,0.08021886178147501,0.029460471147189624,0.006510387396992723,0.022476338332983348,0.13796138522996668,1
pass_long,Stamina_own,0.14657239258690263,0.03317182929403216,1.0310010613689968e-05,0.0815556071705996,0.21158917800320565,1
pass_long,Standing tackle,0.048128902029161355,0.03188810094147045,0.13133266999054682,-0.01437177581612073,0.11062957987444344,0
pass_long,Standing tackle_other,-0.014926399802936755,0.05230160384695992,0.7753656740874517,-0.11743754334297819,0.08758474373710469,0
pass_long,Standing tackle_own,0.08002205119144061,0.06292291167230074,0.20356777963686468,-0.04330685568626884,0.20335095806915005,0
pass_long,Strength,-0.0034015296432309203,0.00856049271602998,0.6911379255086532,-0.02018009536664968,0.013377036080187841,0
pass_long,Strength_other,-0.014675244805888317,0.030094169660606383,0.6258398613770249,-0.07365981734067682,0.04430932772890019,0
pass_long,Strength_own,0.024021296856619752,0.0339918980539869,0.47982555195140897,-0.042602823329194565,0.09064541704243406,0
pass_long,Vision,0.019109982385892052,0.007918618383633828,0.0158723049687417,0.0035894903539697483,0.034630474417814354,1
pass_long,Vision_other,-0.011784728230657697,0.031173728599600926,0.7054338249737746,-0.07288523628587551,0.04931577982456012,0
pass_long,Vision_own,-0.018769567904401062,0.038674175639805616,0.6274831055605028,-0.09457095215842007,0.05703181634961795,0
pass_long,Volleys,0.029793936970700787,0.026807519727627616,0.26649003547320516,-0.02274880169544934,0.08233667563685092,0
pass_long,Volleys_other,0.12179358623289158,0.032196037815408654,0.00015825004396852194,0.05868935211469062,0.18489782035109253,1
pass_long,Volleys_own,0.020967960612797633,0.03556087458264088,0.5554821758787472,-0.048731353569178494,0.09066727479477377,0
pass_short,Acceleration_y,-0.231395653514574,0.038974830963405385,3.2569260621784224e-09,-0.3077863222028486,-0.15500498482629943,1
pass_short,Acceleration_y_other,0.09152116213454625,0.12056801668540917,0.4478662224693226,-0.14479215056885572,0.32783447483794825,0
pass_short,Acceleration_y_own,0.35698124351824023,0.1335787468881045,0.0075735371696510345,0.09516689961755542,0.618795587418925,1
pass_short,Aggression,0.06846981259125964,0.030333019662823327,0.024067445777480767,0.009017094052125925,0.12792253113039337,1
pass_short,Aggression_other,-0.03395545146396876,0.07234970376522233,0.6388743678493505,-0.1757608708438045,0.10784996791586701,0
pass_short,Aggression_own,-0.027088803907401482,0.08212121474944115,0.7415274973433217,-0.18804638481630612,0.13386877700150315,0
pass_short,Agility,0.12919423352290746,0.02374638234648185,5.76619392234079e-08,0.08265132412380304,0.17573714292201187,1
pass_short,Agility_other,0.0446831654518198,0.10178750422760095,0.6607062058507376,-0.15482034283427806,0.24418667373791766,0
pass_short,Agility_own,-0.6473467754086907,0.12556029680200967,2.7021713178143614e-07,-0.8934449571406297,-0.4012485936767517,1
pass_short,Balance,0.00871951646246491,0.026568050533950047,0.7427881723131295,-0.04335386258407718,0.060792895509007,0
pass_short,Balance_other,-0.032213799942038414,0.08045836879354383,0.6889081057867426,-0.1899122027773843,0.12548460289330748,0
pass_short,Balance_own,0.11360830002398065,0.09206901913377463,0.2173254764801742,-0.06684697747821763,0.29406357752617895,0
pass_short,Ball control,-0.05979247020395814,0.04163615291882936,0.1510931057090792,-0.1413993299248637,0.021814389516947405,0
pass_short,Ball control_other,0.039237700869080724,0.15477954056831436,0.7998949195132468,-0.2641301986448154,0.3426056003829769,0
pass_short,Ball control_own,-0.7426433794506768,0.18110400072521518,4.2365121862841804e-05,-1.0976072208720986,-0.3876795380292551,1
pass_short,Composure,0.020789270977263782,0.01936632346742364,0.2831497698964962,-0.01716872301888655,0.058747264973414114,0
pass_short,Composure_other,0.01046284887281168,0.08585571926306221,0.9030142368541294,-0.15781436088279024,0.1787400586284136,0
pass_short,Composure_own,-0.39067388260458763,0.10905627489582155,0.0003463255878455307,-0.6044241814003979,-0.1769235838087774,1
pass_short,Crossing,-0.06147185436108371,0.06315515891870288,0.3304646186089366,-0.18525596584174137,0.06231225711957393,0
pass_short,Crossing_other,-0.014518098609957383,0.08108550191037749,0.8579138312318366,-0.17344568235429725,0.1444094851343825,0
pass_short,Crossing_own,0.20032367262431883,0.08757745260986896,0.022246908933620357,0.028671865508975658,0.371975479739662,1
pass_short,Curve,0.12653759203042358,0.0660712927495826,0.05557223202009709,-0.0029621417587583077,0.2560373258196055,0
pass_short,Curve_other,-0.0008757868489201424,0.0813624146893262,0.9914124802806117,-0.1603461196399995,0.15859454594215922,0
pass_short,Curve_own,-0.508373811450332,0.08966832451848862,1.5773699457710677e-08,-0.6841237275065697,-0.3326238953940943,1
pass_short,Dribbling,0.4371240543563547,0.06485843642097291,1.9177104348955254e-11,0.31000151897124784,0.5642465897414616,1
pass_short,Dribbling_other,-0.13836216179062524,0.11865817382701269,0.24369015369936098,-0.3709321824915701,0.09420785891031963,0
pass_short,Dribbling_own,0.3276150879336651,0.13318616282470885,0.013959967092425085,0.06657020879723574,0.5886599670700945,1
pass_short,Finishing,-0.28158247382036733,0.07652746183808047,0.00023806971112572128,-0.43157629902300504,-0.13158864861772962,1
pass_short,Finishing_other,0.037082081832020074,0.09051018828416674,0.6820566917203847,-0.14031788720494673,0.2144820508689869,0
pass_short,Finishing_own,0.21996124191945038,0.09773230274286872,0.024484463457935535,0.02840592854342769,0.41151655529547304,1
pass_short,Free kick accuracy,0.6248934260806036,0.08131177118830345,2.0872192862952943e-14,0.46552235455152885,0.7842644976096784,1
pass_short,Free kick accuracy_other,-0.0804813082119938,0.07043509592978052,0.25328895713374244,-0.2185340962343636,0.05757147981037601,0
pass_short,Free kick accuracy_own,-0.11577497585301191,0.07479357628520647,0.1217521882349697,-0.2623703853720166,0.03082043366599277,0
pass_short,Heading accuracy,-0.014379521316866744,0.05187240247995627,0.7816395921250985,-0.11604943017758103,0.08729038754384753,0
pass_short,Heading accuracy_other,0.05366573955248574,0.07375864888696335,0.46692764836520917,-0.09090121226596243,0.1982326913709339,0
pass_short,Heading accuracy_own,-0.4745939762970207,0.08342069994489502,1.407850369616881e-08,-0.6380985481890149,-0.31108940440502647,1
pass_short,Intercept,58.51575765952231,,,,,1
pass_short,Interceptions,-0.16120026790591657,0.05481872393424962,0.0033023669275240586,-0.26864496681704586,-0.05375556899478731,1
pass_short,Interceptions_other,0.08193236322080624,0.1069780136123312,0.4438115939764211,-0.1277445434593629,0.29160926990097535,0
pass_short,Interceptions_own,0.09663945766922197,0.11737139691435894,0.4103703141031123,-0.13340848028292154,0.3266873956213655,0
pass_short,Jumping,-0.035849511987778804,0.023533077188252254,0.1277790922223363,-0.08197434327675322,0.010275319301195615,0
pass_short,Jumping_other,-0.04313200187033033,0.06454351043961516,0.5040208139302016,-0.16963728233197606,0.08337327859131538,0
pass_short,Jumping_own,-0.23107014078035262,0.07300174367212772,0.001565919688667261,-0.37415355837772296,-0.08798672318298228,1
pass_short,Long passing,0.08955718359309826,0.03993922273512977,0.025017071307760208,0.011276307032243915,0.1678380601539526,1
pass_short,Long passing_other,0.1303127466448471,0.11614284705861704,0.26195626950915996,-0.09732723359004228,0.35795272687973645,0
pass_short,Long passing_own,0.2576785338870188,0.13715985620456111,0.060392253546335706,-0.011154784273921026,0.5265118520479586,0
pass_short,Long shots,-0.34051750232066763,0.0836715468762738,4.836842926581042e-05,-0.5045137341981643,-0.17652127044317098,1
pass_short,Long shots_other,-0.13301557977511488,0.09400355741741577,0.15717724438015934,-0.3172625523132498,0.05123139276302002,0
pass_short,Long shots_own,0.1558851603617305,0.10370885493275996,0.13292432504854568,-0.047384195306479,0.35915451602994,0
pass_short,Marking,-0.20371873590999715,0.07269714565513667,0.005108732457205889,-0.346205141394065,-0.061232330425929266,1
pass_short,Marking_other,0.006559314212159989,0.11474966326207064,0.9544202413369258,-0.21835002578149845,0.23146865420581844,0
pass_short,Marking_own,-0.8569533595004382,0.12613200906208435,1.3245404772987968e-11,-1.1041720972621234,-0.6097346217387528,1
pass_short,Penalties,-0.1891124254248851,0.036114536480611595,1.7573122113034856e-07,-0.2598969169268838,-0.11832793392288637,1
pass_short,Penalties_other,0.019355762422175203,0.07910822824373327,0.806726318509795,-0.135696364935542,0.1744078897798924,0
pass_short,Penalties_own,0.26145634519853844,0.09658031973695899,0.006827517387833826,0.07215891851409884,0.45075377188297805,1
pass_short,Positioning,0.022090997393609035,0.08161073496828362,0.7866512877197815,-0.13786604314422687,0.18204803793144494,0
pass_short,Positioning_other,0.02430785933453236,0.09608724602438386,0.8003044634143759,-0.16402314287326,0.21263886154232473,0
pass_short,Positioning_own,-0.42063901324209096,0.1042238121111394,5.583588654989313e-05,-0.6249176849799242,-0.21636034150425773,1
pass_short,Reactions,-0.44253742650935013,0.03211190767148208,0.0,-0.5054767655454551,-0.37959808747324525,1
pass_short,Reactions_other,-0.008470465998774592,0.0883080035384688,0.9235912671166902,-0.18155415293417343,0.16461322093662423,0
pass_short,Reactions_own,1.7719782342213057,0.1104655770266908,0.0,1.5554657032489918,1.9884907651936197,1
pass_short,Short passing,0.14712002109587063,0.03932034235202698,0.0001865169547230483,0.07005215008589775,0.2241878921058435,1
pass_short,Short passing_other,-0.2456672406051367,0.13880874324032977,0.07686431019380979,-0.517732377356183,0.026397896145909622,0
pass_short,Short passing_own,-0.06341443028560056,0.173051718462135,0.7140584197268716,-0.40259579847138516,0.27576693790018403,0
pass_short,Shot power,-0.09839499437453456,0.03129462923404047,0.0016830317465805766,-0.1597324676732539,-0.03705752107581523,1
pass_short,Shot power_other,0.25990040144673354,0.08902029466693645,0.003533008267529114,0.08542062389953811,0.434380178993929,1
pass_short,Shot power_own,0.2656805009383164,0.09944792186072537,0.007593516507262921,0.07076257409129469,0.4605984277853381,1
pass_short,Sliding tackle,-0.1655104861320654,0.08785058263685223,0.05966782006413118,-0.3376976281002958,0.006676655836164974,0
pass_short,Sliding tackle_other,-0.13677043494820845,0.13523998088999167,0.3119517267643239,-0.4018407974925921,0.1282999275961752,0
pass_short,Sliding tackle_own,0.6387835365315029,0.14991326437630567,2.1016684738972558e-05,0.34495353835394377,0.932613534709062,1
pass_short,Sprint speed,0.05129359210973847,0.03940470860735468,0.19312113002246112,-0.025939636760676704,0.12852682098015364,0
pass_short,Sprint speed_other,-0.1308699240173304,0.10075300868820504,0.19407821024637006,-0.3283458210462123,0.06660597301155147,0
pass_short,Sprint speed_own,0.23334577164400616,0.1148692447458079,0.04230772236233071,0.008202051942222677,0.45848949134578965,1
pass_short,Stamina,-0.04296044021233998,0.038239258612581324,0.2613360379684202,-0.11790938709299938,0.031988506668319414,0
pass_short,Stamina_other,0.08408522312627442,0.07604240351254397,0.2689214974524561,-0.06495788775831177,0.2331283340108606,0
pass_short,Stamina_own,0.07265765512215196,0.08562203964163849,0.3961838082182063,-0.09516154257545949,0.2404768528197634,0
pass_short,Standing tackle,0.1212769504036437,0.08230852205061741,0.14074315746816657,-0.04004775281556641,0.28260165362285383,0
pass_short,Standing tackle_other,0.13165252753039594,0.13499918735899705,0.3295398878522491,-0.13294587969323826,0.39625093475403017,0
pass_short,Standing tackle_own,-0.02956547102616365,0.16241455934847615,0.8555667201788193,-0.34789800734917686,0.2887670652968496,0
pass_short,Strength,-0.07931557314028734,0.02209606350578145,0.0003368589425147839,-0.12262385761161898,-0.036007288668955695,1
pass_short,Strength_other,-0.23282276326964596,0.0776780853664349,0.002747797723747336,-0.38507181058785833,-0.08057371595143356,1
pass_short,Strength_own,-0.44356461313413753,0.08773877427364597,4.567004014965903e-07,-0.6155326107104836,-0.27159661555779147,1
pass_short,Vision,-0.08460649443546467,0.02043927849563856,3.5841538961856045e-05,-0.12466748028691624,-0.04454550858401309,1
pass_short,Vision_other,-0.02369690148695028,0.08046460755219535,0.7683968394430443,-0.18140753228925316,0.1340137293153526,0
pass_short,Vision_own,0.06829407141476321,0.0998245158681944,0.4939421964603876,-0.1273619796868978,0.26395012251642425,0
pass_short,Volleys,-0.22154663610074093,0.06919469217291228,0.001380976672042733,-0.35716823275964904,-0.08592503944183286,1
pass_short,Volleys_other,-0.038214722551542464,0.08310335862697105,0.6456624363906869,-0.20109730546040572,0.1246678603573208,0
pass_short,Volleys_own,0.06620334311511382,0.09178856511702849,0.47080989281619434,-0.11370224451426202,0.24610893074448964,0
